Page,Titre,Prix,Stock,Image
Plâtre,Crèche unique,"35,00",En Stock,https://55bd7e1835.clvaw-cdnwnd.com/9b7c2d7507a74b266c5c61296251b69d/200000340-ee332ee334/20251027_141424.jpeg?ph=55bd7e1835
Plâtre,Gnome festif,"10,00",Épuisé,https://55bd7e1835.clvaw-cdnwnd.com/9b7c2d7507a74b266c5c61296251b69d/200000336-5e8635e864/20251015_183723.jpeg?ph=55bd7e1835
Plâtre,Groot en pleine forêt,"25,00",En Stock,https://55bd7e1835.clvaw-cdnwnd.com/9b7c2d7507a74b266c5c61296251b69d/200000334-ccc88ccc8a/20251015_183642.jpeg?ph=55bd7e1835
Plâtre,Groot sur son écorce naturelle,"15,00",En Stock,https://55bd7e1835.clvaw-cdnwnd.com/9b7c2d7507a74b266c5c61296251b69d/200000332-90b1e90b20/20251015_183707.jpeg?ph=55bd7e1835
Plâtre,Groot à base de plâtre peint,"10,00",En Stock,https://55bd7e1835.clvaw-cdnwnd.com/9b7c2d7507a74b266c5c61296251b69d/200000132-23e4c23e4e/20240425_155319-removebg-preview.png?ph=55bd7e1835
Plâtre,Petits gnomes en plâtre,"5,00",En Stock,https://55bd7e1835.clvaw-cdnwnd.com/9b7c2d7507a74b266c5c61296251b69d/200000139-633b6633b8/20240501_115621-removebg-preview.png?ph=55bd7e1835
Plâtre,Mains en plâtre,"10,00",En Stock,https://55bd7e1835.clvaw-cdnwnd.com/9b7c2d7507a74b266c5c61296251b69d/200000291-95bb895bbb/20251011_081612.jpeg?ph=55bd7e1835
Plâtre,Cœur et aile en plâtre,"10,00",En Stock,https://55bd7e1835.clvaw-cdnwnd.com/9b7c2d7507a74b266c5c61296251b69d/200000145-44db444dda/20240405_111835-removebg-preview.png?ph=55bd7e1835
Plâtre,Porte bijoux en plâtre,"20,00",En Stock,https://55bd7e1835.clvaw-cdnwnd.com/9b7c2d7507a74b266c5c61296251b69d/200000147-3f4d33f4d4/20241108_104520-removebg-preview.jpeg?ph=55bd7e1835
Plâtre,Décoration en plâtre,"20,00",En Stock,https://55bd7e1835.clvaw-cdnwnd.com/9b7c2d7507a74b266c5c61296251b69d/200000151-0c1ec0c1ee/20241108_104730-removebg-preview.png?ph=55bd7e1835
Plâtre,Bébé en plâtre,"5,00",En Stock,https://55bd7e1835.clvaw-cdnwnd.com/9b7c2d7507a74b266c5c61296251b69d/200000149-ef76bef76d/IMG-20250104-WA0003-removebg-preview.png?ph=55bd7e1835
